Username,Playtime,LastLogin
asifuentes14,0,0,0
giguzman,0,0,0
arpedregon2,0,0,0
mpelayo,0,0,0
lafierro5,0,0,0
scmejia,0,0,0
jhulmak,0,0,0
jlopez126,0,0,0
dpena3,0,0,0
gafierro,0,0,0
ktnguyen2,0,0,0
cealvarez2,0,0,0
adhernandez20,0,0,0
jortega22,0,0,0
lgarcia64,0,0,0
asketay,0,0,0
memayorga,0,0,0
cfgomezguil,0,0,0
laorona,0,0,0
bajurado,0,0,0
tmzayas,0,0,0
ristirk,0,0,0
cralfonzo,0,0,0
jfholguin,0,0,0
edmoreno4,0,0,0
eoarellano,0,0,0
cacarlos2,0,0,0
admin,0,0,0
aeblasquez,0,0,0
hjjimenez,0,0,0
oamartinez7,0,0,0
yiguel,0,0,0
divargas,0,0,0
fjlopez3,0,0,0
msantoyo3,0,0,0
egonzalez100,0,0,0
daakers,0,0,0
efigueroa5,0,0,0
eatena,0,0,0
imborjon,0,0,0
arodriguez326,0,0,0
dewane,0,0,0
jmlopezagui,0,0,0
kcalderon,0,0,0
asramos1,0,0,0
gapatlan,0,0,0
ealvarado22,0,0,0
rarubio4,0,0,0
czrubio,0,0,0
rscastillo1,0,0,0
caibarra7,0,0,0
Username,Playtime,LastLogin
asifuentes14,0,0,0
giguzman,0,0,0
arpedregon2,0,0,0
mpelayo,0,0,0
lafierro5,0,0,0
scmejia,0,0,0
jhulmak,0,0,0
jlopez126,0,0,0
dpena3,0,0,0
gafierro,0,0,0
ktnguyen2,0,0,0
cealvarez2,0,0,0
adhernandez20,0,0,0
jortega22,0,0,0
lgarcia64,0,0,0
asketay,0,0,0
memayorga,0,0,0
cfgomezguil,0,0,0
laorona,0,0,0
bajurado,0,0,0
tmzayas,0,0,0
ristirk,0,0,0
cralfonzo,0,0,0
jfholguin,0,0,0
edmoreno4,0,0,0
eoarellano,0,0,0
cacarlos2,0,0,0
admin,0,0,0
aeblasquez,0,0,0
hjjimenez,0,0,0
oamartinez7,0,0,0
yiguel,0,0,0
divargas,0,0,0
fjlopez3,0,0,0
msantoyo3,0,0,0
egonzalez100,0,0,0
daakers,0,0,0
efigueroa5,0,0,0
eatena,0,0,0
imborjon,0,0,0
arodriguez326,0,0,0
dewane,0,0,0
jmlopezagui,0,0,0
kcalderon,0,0,0
asramos1,0,0,0
gapatlan,0,0,0
ealvarado22,0,0,0
rarubio4,0,0,0
czrubio,0,0,0
rscastillo1,0,0,0
caibarra7,0,0,0
Username,Playtime,LastLogin
asifuentes14,0,0,0
giguzman,0,0,0
arpedregon2,0,0,0
mpelayo,0,0,0
lafierro5,0,0,0
scmejia,0,0,0
jhulmak,0,0,0
jlopez126,0,0,0
dpena3,0,0,0
gafierro,0,0,0
ktnguyen2,0,0,0
cealvarez2,0,0,0
adhernandez20,0,0,0
jortega22,0,0,0
lgarcia64,0,0,0
asketay,0,0,0
memayorga,0,0,0
cfgomezguil,0,0,0
laorona,0,0,0
bajurado,0,0,0
tmzayas,0,0,0
ristirk,0,0,0
cralfonzo,0,0,0
jfholguin,0,0,0
edmoreno4,0,0,0
eoarellano,0,0,0
cacarlos2,0,0,0
admin,0,0,0
aeblasquez,0,0,0
hjjimenez,0,0,0
oamartinez7,0,0,0
yiguel,0,0,0
divargas,0,0,0
fjlopez3,0,0,0
msantoyo3,0,0,0
egonzalez100,0,0,0
daakers,0,0,0
efigueroa5,0,0,0
eatena,0,0,0
imborjon,0,0,0
arodriguez326,0,0,0
dewane,0,0,0
jmlopezagui,0,0,0
kcalderon,0,0,0
asramos1,0,0,0
gapatlan,0,0,0
ealvarado22,0,0,0
rarubio4,0,0,0
czrubio,0,0,0
rscastillo1,0,0,0
caibarra7,0,0,0
Username,Playtime,LastLogin
asifuentes14,0,0,0
giguzman,0,0,0
arpedregon2,0,0,0
mpelayo,0,0,0
lafierro5,0,0,0
scmejia,0,0,0
jhulmak,0,0,0
jlopez126,0,0,0
dpena3,0,0,0
gafierro,0,0,0
ktnguyen2,0,0,0
cealvarez2,0,0,0
adhernandez20,0,0,0
jortega22,0,0,0
lgarcia64,0,0,0
asketay,0,0,0
memayorga,0,0,0
cfgomezguil,0,0,0
laorona,0,0,0
bajurado,0,0,0
tmzayas,0,0,0
ristirk,0,0,0
cralfonzo,0,0,0
jfholguin,0,0,0
edmoreno4,0,0,0
eoarellano,0,0,0
cacarlos2,0,0,0
admin,0,0,0
aeblasquez,0,0,0
hjjimenez,0,0,0
oamartinez7,0,0,0
yiguel,0,0,0
divargas,0,0,0
fjlopez3,0,0,0
msantoyo3,0,0,0
egonzalez100,0,0,0
daakers,0,0,0
efigueroa5,0,0,0
eatena,0,0,0
imborjon,0,0,0
arodriguez326,0,0,0
dewane,0,0,0
jmlopezagui,0,0,0
kcalderon,0,0,0
asramos1,0,0,0
gapatlan,0,0,0
ealvarado22,0,0,0
rarubio4,0,0,0
czrubio,0,0,0
rscastillo1,0,0,0
caibarra7,0,0,0
Username,Playtime,LastLogin
asifuentes14,0,0,0
giguzman,0,0,0
arpedregon2,0,0,0
mpelayo,0,0,0
lafierro5,0,0,0
scmejia,0,0,0
jhulmak,0,0,0
jlopez126,0,0,0
dpena3,0,0,0
gafierro,0,0,0
ktnguyen2,0,0,0
cealvarez2,0,0,0
adhernandez20,0,0,0
jortega22,0,0,0
lgarcia64,0,0,0
asketay,0,0,0
memayorga,0,0,0
cfgomezguil,0,0,0
laorona,0,0,0
bajurado,0,0,0
tmzayas,0,0,0
ristirk,0,0,0
cralfonzo,0,0,0
jfholguin,0,0,0
edmoreno4,0,0,0
eoarellano,0,0,0
cacarlos2,0,0,0
admin,0,0,0
aeblasquez,0,0,0
hjjimenez,0,0,0
oamartinez7,0,0,0
yiguel,0,0,0
divargas,0,0,0
fjlopez3,0,0,0
msantoyo3,0,0,0
egonzalez100,0,0,0
daakers,0,0,0
efigueroa5,0,0,0
eatena,0,0,0
imborjon,0,0,0
arodriguez326,0,0,0
dewane,0,0,0
jmlopezagui,0,0,0
kcalderon,0,0,0
asramos1,0,0,0
gapatlan,0,0,0
ealvarado22,0,0,0
rarubio4,0,0,0
czrubio,0,0,0
rscastillo1,0,0,0
caibarra7,0,0,0
Username,Playtime,LastLogin
asifuentes14,0,0,0
giguzman,0,0,0
arpedregon2,0,0,0
mpelayo,0,0,0
lafierro5,0,0,0
scmejia,0,0,0
jhulmak,0,0,0
jlopez126,0,0,0
dpena3,0,0,0
gafierro,0,0,0
ktnguyen2,0,0,0
cealvarez2,0,0,0
adhernandez20,0,0,0
jortega22,0,0,0
lgarcia64,0,0,0
asketay,0,0,0
memayorga,0,0,0
cfgomezguil,0,0,0
laorona,0,0,0
bajurado,0,0,0
tmzayas,0,0,0
ristirk,0,0,0
cralfonzo,0,0,0
jfholguin,0,0,0
edmoreno4,0,0,0
eoarellano,0,0,0
cacarlos2,0,0,0
admin,0,0,0
aeblasquez,0,0,0
hjjimenez,0,0,0
oamartinez7,0,0,0
yiguel,0,0,0
divargas,0,0,0
fjlopez3,0,0,0
msantoyo3,0,0,0
egonzalez100,0,0,0
daakers,0,0,0
efigueroa5,0,0,0
eatena,0,0,0
imborjon,0,0,0
arodriguez326,0,0,0
dewane,0,0,0
jmlopezagui,0,0,0
kcalderon,0,0,0
asramos1,0,0,0
gapatlan,0,0,0
ealvarado22,0,0,0
rarubio4,0,0,0
czrubio,0,0,0
rscastillo1,0,0,0
caibarra7,0,0,0
Username,Playtime,LastLogin
asifuentes14,0,0,0
giguzman,0,0,0
arpedregon2,0,0,0
mpelayo,0,0,0
lafierro5,0,0,0
scmejia,0,0,0
jhulmak,0,0,0
jlopez126,0,0,0
dpena3,0,0,0
gafierro,0,0,0
ktnguyen2,0,0,0
cealvarez2,0,0,0
adhernandez20,0,0,0
jortega22,0,0,0
lgarcia64,0,0,0
asketay,0,0,0
memayorga,0,0,0
cfgomezguil,0,0,0
laorona,0,0,0
bajurado,0,0,0
tmzayas,0,0,0
ristirk,0,0,0
cralfonzo,0,0,0
jfholguin,0,0,0
edmoreno4,0,0,0
eoarellano,0,0,0
cacarlos2,0,0,0
admin,0,0,0
aeblasquez,0,0,0
hjjimenez,0,0,0
oamartinez7,0,0,0
yiguel,0,0,0
divargas,0,0,0
fjlopez3,0,0,0
msantoyo3,0,0,0
egonzalez100,0,0,0
daakers,0,0,0
efigueroa5,0,0,0
eatena,0,0,0
imborjon,0,0,0
arodriguez326,0,0,0
dewane,0,0,0
jmlopezagui,0,0,0
kcalderon,0,0,0
asramos1,0,0,0
gapatlan,0,0,0
ealvarado22,0,0,0
rarubio4,0,0,0
czrubio,0,0,0
rscastillo1,0,0,0
caibarra7,0,0,0
Username,Playtime,LastLogin
asifuentes14,0,0,0
giguzman,0,0,0
arpedregon2,0,0,0
mpelayo,0,0,0
lafierro5,0,0,0
scmejia,0,0,0
jhulmak,0,0,0
jlopez126,0,0,0
dpena3,0,0,0
gafierro,0,0,0
ktnguyen2,0,0,0
cealvarez2,0,0,0
adhernandez20,0,0,0
jortega22,0,0,0
lgarcia64,0,0,0
asketay,0,0,0
memayorga,0,0,0
cfgomezguil,0,0,0
laorona,0,0,0
bajurado,0,0,0
tmzayas,0,0,0
ristirk,0,0,0
cralfonzo,0,0,0
jfholguin,0,0,0
edmoreno4,0,0,0
eoarellano,0,0,0
cacarlos2,0,0,0
admin,0,0,0
aeblasquez,0,0,0
hjjimenez,0,0,0
oamartinez7,0,0,0
yiguel,0,0,0
divargas,0,0,0
fjlopez3,0,0,0
msantoyo3,0,0,0
egonzalez100,0,0,0
daakers,0,0,0
efigueroa5,0,0,0
eatena,0,0,0
imborjon,0,0,0
arodriguez326,0,0,0
dewane,0,0,0
jmlopezagui,0,0,0
kcalderon,0,0,0
asramos1,0,0,0
gapatlan,0,0,0
ealvarado22,0,0,0
rarubio4,0,0,0
czrubio,0,0,0
rscastillo1,0,0,0
caibarra7,0,0,0
Username,Playtime,LastLogin
asifuentes14,0,0,0
giguzman,0,0,0
arpedregon2,0,0,0
mpelayo,0,0,0
lafierro5,0,0,0
scmejia,0,0,0
jhulmak,0,0,0
jlopez126,0,0,0
dpena3,0,0,0
gafierro,0,0,0
ktnguyen2,0,0,0
cealvarez2,0,0,0
adhernandez20,0,0,0
jortega22,0,0,0
lgarcia64,0,0,0
asketay,0,0,0
memayorga,0,0,0
cfgomezguil,0,0,0
laorona,0,0,0
bajurado,0,0,0
tmzayas,0,0,0
ristirk,0,0,0
cralfonzo,0,0,0
jfholguin,0,0,0
edmoreno4,0,0,0
eoarellano,0,0,0
cacarlos2,0,0,0
admin,0,0,0
aeblasquez,0,0,0
hjjimenez,0,0,0
oamartinez7,0,0,0
yiguel,0,0,0
divargas,0,0,0
fjlopez3,0,0,0
msantoyo3,0,0,0
egonzalez100,0,0,0
daakers,0,0,0
efigueroa5,0,0,0
eatena,0,0,0
imborjon,0,0,0
arodriguez326,0,0,0
dewane,0,0,0
jmlopezagui,0,0,0
kcalderon,0,0,0
asramos1,0,0,0
gapatlan,0,0,0
ealvarado22,0,0,0
rarubio4,0,0,0
czrubio,0,0,0
rscastillo1,0,0,0
caibarra7,0,0,0
Username,Playtime,LastLogin
asifuentes14,0,0,0
giguzman,0,0,0
arpedregon2,0,0,0
mpelayo,0,0,0
lafierro5,0,0,0
scmejia,0,0,0
jhulmak,0,0,0
jlopez126,0,0,0
dpena3,0,0,0
gafierro,0,0,0
ktnguyen2,0,0,0
cealvarez2,0,0,0
adhernandez20,0,0,0
jortega22,0,0,0
lgarcia64,0,0,0
asketay,0,0,0
memayorga,0,0,0
cfgomezguil,0,0,0
laorona,0,0,0
bajurado,0,0,0
tmzayas,0,0,0
ristirk,0,0,0
cralfonzo,0,0,0
jfholguin,0,0,0
edmoreno4,0,0,0
eoarellano,0,0,0
cacarlos2,0,0,0
admin,0,0,0
aeblasquez,0,0,0
hjjimenez,0,0,0
oamartinez7,0,0,0
yiguel,0,0,0
divargas,0,0,0
fjlopez3,0,0,0
msantoyo3,0,0,0
egonzalez100,0,0,0
daakers,0,0,0
efigueroa5,0,0,0
eatena,0,0,0
imborjon,0,0,0
arodriguez326,0,0,0
dewane,0,0,0
jmlopezagui,0,0,0
kcalderon,0,0,0
asramos1,0,0,0
gapatlan,0,0,0
ealvarado22,0,0,0
rarubio4,0,0,0
czrubio,0,0,0
rscastillo1,0,0,0
caibarra7,0,0,0
Username,Playtime,LastLogin
asifuentes14,0,0,0
giguzman,0,0,0
arpedregon2,0,0,0
mpelayo,0,0,0
lafierro5,0,0,0
scmejia,0,0,0
jhulmak,0,0,0
jlopez126,0,0,0
dpena3,0,0,0
gafierro,0,0,0
ktnguyen2,0,0,0
cealvarez2,0,0,0
adhernandez20,0,0,0
jortega22,0,0,0
lgarcia64,0,0,0
asketay,0,0,0
memayorga,0,0,0
cfgomezguil,0,0,0
laorona,0,0,0
bajurado,0,0,0
tmzayas,0,0,0
ristirk,0,0,0
cralfonzo,0,0,0
jfholguin,0,0,0
edmoreno4,0,0,0
eoarellano,0,0,0
cacarlos2,0,0,0
admin,0,0,0
aeblasquez,0,0,0
hjjimenez,0,0,0
oamartinez7,0,0,0
yiguel,0,0,0
divargas,0,0,0
fjlopez3,0,0,0
msantoyo3,0,0,0
egonzalez100,0,0,0
daakers,0,0,0
efigueroa5,0,0,0
eatena,0,0,0
imborjon,0,0,0
arodriguez326,0,0,0
dewane,0,0,0
jmlopezagui,0,0,0
kcalderon,0,0,0
asramos1,0,0,0
gapatlan,0,0,0
ealvarado22,0,0,0
rarubio4,0,0,0
czrubio,0,0,0
rscastillo1,0,0,0
caibarra7,0,0,0
Username,Playtime,LastLogin
asifuentes14,0,0,0
giguzman,0,0,0
arpedregon2,0,0,0
mpelayo,0,0,0
lafierro5,0,0,0
scmejia,0,0,0
jhulmak,0,0,0
jlopez126,0,0,0
dpena3,0,0,0
gafierro,0,0,0
ktnguyen2,0,0,0
cealvarez2,0,0,0
adhernandez20,0,0,0
jortega22,0,0,0
lgarcia64,0,0,0
asketay,0,0,0
memayorga,0,0,0
cfgomezguil,0,0,0
laorona,0,0,0
bajurado,0,0,0
tmzayas,0,0,0
ristirk,0,0,0
cralfonzo,0,0,0
jfholguin,0,0,0
edmoreno4,0,0,0
eoarellano,0,0,0
cacarlos2,0,0,0
admin,0,0,0
aeblasquez,0,0,0
hjjimenez,0,0,0
oamartinez7,0,0,0
yiguel,0,0,0
divargas,0,0,0
fjlopez3,0,0,0
msantoyo3,0,0,0
egonzalez100,0,0,0
daakers,0,0,0
efigueroa5,0,0,0
eatena,0,0,0
imborjon,0,0,0
arodriguez326,0,0,0
dewane,0,0,0
jmlopezagui,0,0,0
kcalderon,0,0,0
asramos1,0,0,0
gapatlan,0,0,0
ealvarado22,0,0,0
rarubio4,0,0,0
czrubio,0,0,0
rscastillo1,0,0,0
caibarra7,0,0,0
Username,Playtime,LastLogin
asifuentes14,0,0,0
giguzman,0,0,0
arpedregon2,0,0,0
mpelayo,0,0,0
lafierro5,0,0,0
scmejia,0,0,0
jhulmak,0,0,0
jlopez126,0,0,0
dpena3,0,0,0
gafierro,0,0,0
ktnguyen2,0,0,0
cealvarez2,0,0,0
adhernandez20,0,0,0
jortega22,0,0,0
lgarcia64,0,0,0
asketay,0,0,0
memayorga,0,0,0
cfgomezguil,0,0,0
laorona,0,0,0
bajurado,0,0,0
tmzayas,0,0,0
ristirk,0,0,0
cralfonzo,0,0,0
jfholguin,0,0,0
edmoreno4,0,0,0
eoarellano,0,0,0
cacarlos2,0,0,0
admin,0,0,0
aeblasquez,0,0,0
hjjimenez,0,0,0
oamartinez7,0,0,0
yiguel,0,0,0
divargas,0,0,0
fjlopez3,0,0,0
msantoyo3,0,0,0
egonzalez100,0,0,0
daakers,0,0,0
efigueroa5,0,0,0
eatena,0,0,0
imborjon,0,0,0
arodriguez326,0,0,0
dewane,0,0,0
jmlopezagui,0,0,0
kcalderon,0,0,0
asramos1,0,0,0
gapatlan,0,0,0
ealvarado22,0,0,0
rarubio4,0,0,0
czrubio,0,0,0
rscastillo1,0,0,0
caibarra7,0,0,0
Username,Playtime,LastLogin
asifuentes14,0,0,0
giguzman,0,0,0
arpedregon2,0,0,0
mpelayo,0,0,0
lafierro5,0,0,0
scmejia,0,0,0
jhulmak,0,0,0
jlopez126,0,0,0
dpena3,0,0,0
gafierro,0,0,0
ktnguyen2,0,0,0
cealvarez2,0,0,0
adhernandez20,0,0,0
jortega22,0,0,0
lgarcia64,0,0,0
asketay,0,0,0
memayorga,0,0,0
cfgomezguil,0,0,0
laorona,0,0,0
bajurado,0,0,0
tmzayas,0,0,0
ristirk,0,0,0
cralfonzo,0,0,0
jfholguin,0,0,0
edmoreno4,0,0,0
eoarellano,0,0,0
cacarlos2,0,0,0
admin,0,0,0
aeblasquez,0,0,0
hjjimenez,0,0,0
oamartinez7,0,0,0
yiguel,0,0,0
divargas,0,0,0
fjlopez3,0,0,0
msantoyo3,0,0,0
egonzalez100,0,0,0
daakers,0,0,0
efigueroa5,0,0,0
eatena,0,0,0
imborjon,0,0,0
arodriguez326,0,0,0
dewane,0,0,0
jmlopezagui,0,0,0
kcalderon,0,0,0
asramos1,0,0,0
gapatlan,0,0,0
ealvarado22,0,0,0
rarubio4,0,0,0
czrubio,0,0,0
rscastillo1,0,0,0
caibarra7,0,0,0
Username,Playtime,LastLogin
asifuentes14,0,0,0
giguzman,0,0,0
arpedregon2,0,0,0
mpelayo,0,0,0
lafierro5,0,0,0
scmejia,0,0,0
jhulmak,0,0,0
jlopez126,0,0,0
dpena3,0,0,0
gafierro,0,0,0
ktnguyen2,0,0,0
cealvarez2,0,0,0
adhernandez20,0,0,0
jortega22,0,0,0
lgarcia64,0,0,0
asketay,0,0,0
memayorga,0,0,0
cfgomezguil,0,0,0
laorona,0,0,0
bajurado,0,0,0
tmzayas,0,0,0
ristirk,0,0,0
cralfonzo,0,0,0
jfholguin,0,0,0
edmoreno4,0,0,0
eoarellano,0,0,0
cacarlos2,0,0,0
admin,0,0,0
aeblasquez,0,0,0
hjjimenez,0,0,0
oamartinez7,0,0,0
yiguel,0,0,0
divargas,0,0,0
fjlopez3,0,0,0
msantoyo3,0,0,0
egonzalez100,0,0,0
daakers,0,0,0
efigueroa5,0,0,0
eatena,0,0,0
imborjon,0,0,0
arodriguez326,0,0,0
dewane,0,0,0
jmlopezagui,0,0,0
kcalderon,0,0,0
asramos1,0,0,0
gapatlan,0,0,0
ealvarado22,0,0,0
rarubio4,0,0,0
czrubio,0,0,0
rscastillo1,0,0,0
caibarra7,0,0,0
Username,Playtime,LastLogin
asifuentes14,0,0,0
giguzman,0,0,0
arpedregon2,0,0,0
mpelayo,0,0,0
lafierro5,0,0,0
scmejia,0,0,0
jhulmak,0,0,0
jlopez126,0,0,0
dpena3,0,0,0
gafierro,0,0,0
ktnguyen2,0,0,0
cealvarez2,0,0,0
adhernandez20,0,0,0
jortega22,0,0,0
lgarcia64,0,0,0
asketay,0,0,0
memayorga,0,0,0
cfgomezguil,0,0,0
laorona,0,0,0
bajurado,0,0,0
tmzayas,0,0,0
ristirk,0,0,0
cralfonzo,0,0,0
jfholguin,0,0,0
edmoreno4,0,0,0
eoarellano,0,0,0
cacarlos2,0,0,0
admin,0,0,0
aeblasquez,0,0,0
hjjimenez,0,0,0
oamartinez7,0,0,0
yiguel,0,0,0
divargas,0,0,0
fjlopez3,0,0,0
msantoyo3,0,0,0
egonzalez100,0,0,0
daakers,0,0,0
efigueroa5,0,0,0
eatena,0,0,0
imborjon,0,0,0
arodriguez326,0,0,0
dewane,0,0,0
jmlopezagui,0,0,0
kcalderon,0,0,0
asramos1,0,0,0
gapatlan,0,0,0
ealvarado22,0,0,0
rarubio4,0,0,0
czrubio,0,0,0
rscastillo1,0,0,0
caibarra7,0,0,0
Username,Playtime,LastLogin
asifuentes14,0,0,0
giguzman,0,0,0
arpedregon2,0,0,0
mpelayo,0,0,0
lafierro5,0,0,0
scmejia,0,0,0
jhulmak,0,0,0
jlopez126,0,0,0
dpena3,0,0,0
gafierro,0,0,0
ktnguyen2,0,0,0
cealvarez2,0,0,0
adhernandez20,0,0,0
jortega22,0,0,0
lgarcia64,0,0,0
asketay,0,0,0
memayorga,0,0,0
cfgomezguil,0,0,0
laorona,0,0,0
bajurado,0,0,0
tmzayas,0,0,0
ristirk,0,0,0
cralfonzo,0,0,0
jfholguin,0,0,0
edmoreno4,0,0,0
eoarellano,0,0,0
cacarlos2,0,0,0
admin,0,0,0
aeblasquez,0,0,0
hjjimenez,0,0,0
oamartinez7,0,0,0
yiguel,0,0,0
divargas,0,0,0
fjlopez3,0,0,0
msantoyo3,0,0,0
egonzalez100,0,0,0
daakers,0,0,0
efigueroa5,0,0,0
eatena,0,0,0
imborjon,0,0,0
arodriguez326,0,0,0
dewane,0,0,0
jmlopezagui,0,0,0
kcalderon,0,0,0
asramos1,0,0,0
gapatlan,0,0,0
ealvarado22,0,0,0
rarubio4,0,0,0
czrubio,0,0,0
rscastillo1,0,0,0
caibarra7,0,0,0
Username,Playtime,LastLogin
asifuentes14,0,0,0
giguzman,0,0,0
arpedregon2,0,0,0
mpelayo,0,0,0
lafierro5,0,0,0
scmejia,0,0,0
jhulmak,0,0,0
jlopez126,0,0,0
dpena3,0,0,0
gafierro,0,0,0
ktnguyen2,0,0,0
cealvarez2,0,0,0
adhernandez20,0,0,0
jortega22,0,0,0
lgarcia64,0,0,0
asketay,0,0,0
memayorga,0,0,0
cfgomezguil,0,0,0
laorona,0,0,0
bajurado,0,0,0
tmzayas,0,0,0
ristirk,0,0,0
cralfonzo,0,0,0
jfholguin,0,0,0
edmoreno4,0,0,0
eoarellano,0,0,0
cacarlos2,0,0,0
admin,0,0,0
aeblasquez,0,0,0
hjjimenez,0,0,0
oamartinez7,0,0,0
yiguel,0,0,0
divargas,0,0,0
fjlopez3,0,0,0
msantoyo3,0,0,0
egonzalez100,0,0,0
daakers,0,0,0
efigueroa5,0,0,0
eatena,0,0,0
imborjon,0,0,0
arodriguez326,0,0,0
dewane,0,0,0
jmlopezagui,0,0,0
kcalderon,0,0,0
asramos1,0,0,0
gapatlan,0,0,0
ealvarado22,0,0,0
rarubio4,0,0,0
czrubio,0,0,0
rscastillo1,0,0,0
caibarra7,0,0,0
Username,Playtime,LastLogin
asifuentes14,0,0,0
giguzman,0,0,0
arpedregon2,0,0,0
mpelayo,0,0,0
lafierro5,0,0,0
scmejia,0,0,0
jhulmak,0,0,0
jlopez126,0,0,0
dpena3,0,0,0
gafierro,0,0,0
ktnguyen2,0,0,0
cealvarez2,0,0,0
adhernandez20,0,0,0
jortega22,0,0,0
lgarcia64,0,0,0
asketay,0,0,0
memayorga,0,0,0
cfgomezguil,0,0,0
laorona,0,0,0
bajurado,0,0,0
tmzayas,0,0,0
ristirk,0,0,0
cralfonzo,0,0,0
jfholguin,0,0,0
edmoreno4,0,0,0
eoarellano,0,0,0
cacarlos2,0,0,0
admin,0,0,0
aeblasquez,0,0,0
hjjimenez,0,0,0
oamartinez7,0,0,0
yiguel,0,0,0
divargas,0,0,0
fjlopez3,0,0,0
msantoyo3,0,0,0
egonzalez100,0,0,0
daakers,0,0,0
efigueroa5,0,0,0
eatena,0,0,0
imborjon,0,0,0
arodriguez326,0,0,0
dewane,0,0,0
jmlopezagui,0,0,0
kcalderon,0,0,0
asramos1,0,0,0
gapatlan,0,0,0
ealvarado22,0,0,0
rarubio4,0,0,0
czrubio,0,0,0
rscastillo1,0,0,0
caibarra7,0,0,0
Username,Playtime,LastLogin
asifuentes14,0,0,0
giguzman,0,0,0
arpedregon2,0,0,0
mpelayo,0,0,0
lafierro5,0,0,0
scmejia,0,0,0
jhulmak,0,0,0
jlopez126,0,0,0
dpena3,0,0,0
gafierro,0,0,0
ktnguyen2,0,0,0
cealvarez2,0,0,0
adhernandez20,0,0,0
jortega22,0,0,0
lgarcia64,0,0,0
asketay,0,0,0
memayorga,0,0,0
cfgomezguil,0,0,0
laorona,0,0,0
bajurado,0,0,0
tmzayas,0,0,0
ristirk,0,0,0
cralfonzo,0,0,0
jfholguin,0,0,0
edmoreno4,0,0,0
eoarellano,0,0,0
cacarlos2,0,0,0
admin,0,0,0
aeblasquez,0,0,0
hjjimenez,0,0,0
oamartinez7,0,0,0
yiguel,0,0,0
divargas,0,0,0
fjlopez3,0,0,0
msantoyo3,0,0,0
egonzalez100,0,0,0
daakers,0,0,0
efigueroa5,0,0,0
eatena,0,0,0
imborjon,0,0,0
arodriguez326,0,0,0
dewane,0,0,0
jmlopezagui,0,0,0
kcalderon,0,0,0
asramos1,0,0,0
gapatlan,0,0,0
ealvarado22,0,0,0
rarubio4,0,0,0
czrubio,0,0,0
rscastillo1,0,0,0
caibarra7,0,0,0
Username,Playtime,LastLogin
asifuentes14,0,0,0
giguzman,0,0,0
arpedregon2,0,0,0
mpelayo,0,0,0
lafierro5,0,0,0
scmejia,0,0,0
jhulmak,0,0,0
jlopez126,0,0,0
dpena3,0,0,0
gafierro,0,0,0
ktnguyen2,0,0,0
cealvarez2,0,0,0
adhernandez20,0,0,0
jortega22,0,0,0
lgarcia64,0,0,0
asketay,0,0,0
memayorga,0,0,0
cfgomezguil,0,0,0
laorona,0,0,0
bajurado,0,0,0
tmzayas,0,0,0
ristirk,0,0,0
cralfonzo,0,0,0
jfholguin,0,0,0
edmoreno4,0,0,0
eoarellano,0,0,0
cacarlos2,0,0,0
admin,0,0,0
aeblasquez,0,0,0
hjjimenez,0,0,0
oamartinez7,0,0,0
yiguel,0,0,0
divargas,0,0,0
fjlopez3,0,0,0
msantoyo3,0,0,0
egonzalez100,0,0,0
daakers,0,0,0
efigueroa5,0,0,0
eatena,0,0,0
imborjon,0,0,0
arodriguez326,0,0,0
dewane,0,0,0
jmlopezagui,0,0,0
kcalderon,0,0,0
asramos1,0,0,0
gapatlan,0,0,0
ealvarado22,0,0,0
rarubio4,0,0,0
czrubio,0,0,0
rscastillo1,0,0,0
caibarra7,0,0,0
Username,Playtime,LastLogin
asifuentes14,0,0,0
giguzman,0,0,0
arpedregon2,0,0,0
mpelayo,0,0,0
lafierro5,0,0,0
scmejia,0,0,0
jhulmak,0,0,0
jlopez126,0,0,0
dpena3,0,0,0
gafierro,0,0,0
ktnguyen2,0,0,0
cealvarez2,0,0,0
adhernandez20,0,0,0
jortega22,0,0,0
lgarcia64,0,0,0
asketay,0,0,0
memayorga,0,0,0
cfgomezguil,0,0,0
laorona,0,0,0
bajurado,0,0,0
tmzayas,0,0,0
ristirk,0,0,0
cralfonzo,0,0,0
jfholguin,0,0,0
edmoreno4,0,0,0
eoarellano,0,0,0
cacarlos2,0,0,0
admin,0,0,0
aeblasquez,0,0,0
hjjimenez,0,0,0
oamartinez7,0,0,0
yiguel,0,0,0
divargas,0,0,0
fjlopez3,0,0,0
msantoyo3,0,0,0
egonzalez100,0,0,0
daakers,0,0,0
efigueroa5,0,0,0
eatena,0,0,0
imborjon,0,0,0
arodriguez326,0,0,0
dewane,0,0,0
jmlopezagui,0,0,0
kcalderon,0,0,0
asramos1,0,0,0
gapatlan,0,0,0
ealvarado22,0,0,0
rarubio4,0,0,0
czrubio,0,0,0
rscastillo1,0,0,0
caibarra7,0,0,0
Username,Playtime,LastLogin
asifuentes14,0,0,0
giguzman,0,0,0
arpedregon2,0,0,0
mpelayo,0,0,0
lafierro5,0,0,0
scmejia,0,0,0
jhulmak,0,0,0
jlopez126,0,0,0
dpena3,0,0,0
gafierro,0,0,0
ktnguyen2,0,0,0
cealvarez2,0,0,0
adhernandez20,0,0,0
jortega22,0,0,0
lgarcia64,0,0,0
asketay,0,0,0
memayorga,0,0,0
cfgomezguil,0,0,0
laorona,0,0,0
bajurado,0,0,0
tmzayas,0,0,0
ristirk,0,0,0
cralfonzo,0,0,0
jfholguin,0,0,0
edmoreno4,0,0,0
eoarellano,0,0,0
cacarlos2,0,0,0
admin,0,0,0
aeblasquez,0,0,0
hjjimenez,0,0,0
oamartinez7,0,0,0
yiguel,0,0,0
divargas,0,0,0
fjlopez3,0,0,0
msantoyo3,0,0,0
egonzalez100,0,0,0
daakers,0,0,0
efigueroa5,0,0,0
eatena,0,0,0
imborjon,0,0,0
arodriguez326,0,0,0
dewane,0,0,0
jmlopezagui,0,0,0
kcalderon,0,0,0
asramos1,0,0,0
gapatlan,0,0,0
ealvarado22,0,0,0
rarubio4,0,0,0
czrubio,0,0,0
rscastillo1,0,0,0
caibarra7,0,0,0
Username,Playtime,LastLogin
asifuentes14,0,0,0
giguzman,0,0,0
arpedregon2,0,0,0
mpelayo,0,0,0
lafierro5,0,0,0
scmejia,0,0,0
jhulmak,0,0,0
jlopez126,0,0,0
dpena3,0,0,0
gafierro,0,0,0
ktnguyen2,0,0,0
cealvarez2,0,0,0
adhernandez20,0,0,0
jortega22,0,0,0
lgarcia64,0,0,0
asketay,0,0,0
memayorga,0,0,0
cfgomezguil,0,0,0
laorona,0,0,0
bajurado,0,0,0
tmzayas,0,0,0
ristirk,0,0,0
cralfonzo,0,0,0
jfholguin,0,0,0
edmoreno4,0,0,0
eoarellano,0,0,0
cacarlos2,0,0,0
admin,0,0,0
aeblasquez,0,0,0
hjjimenez,0,0,0
oamartinez7,0,0,0
yiguel,0,0,0
divargas,0,0,0
fjlopez3,0,0,0
msantoyo3,0,0,0
egonzalez100,0,0,0
daakers,0,0,0
efigueroa5,0,0,0
eatena,0,0,0
imborjon,0,0,0
arodriguez326,0,0,0
dewane,0,0,0
jmlopezagui,0,0,0
kcalderon,0,0,0
asramos1,0,0,0
gapatlan,0,0,0
ealvarado22,0,0,0
rarubio4,0,0,0
czrubio,0,0,0
rscastillo1,0,0,0
caibarra7,0,0,0
Username,Playtime,LastLogin
asifuentes14,0,0,0
giguzman,0,0,0
arpedregon2,0,0,0
mpelayo,0,0,0
lafierro5,0,0,0
scmejia,0,0,0
jhulmak,0,0,0
jlopez126,0,0,0
dpena3,0,0,0
gafierro,0,0,0
ktnguyen2,0,0,0
cealvarez2,0,0,0
adhernandez20,0,0,0
jortega22,0,0,0
lgarcia64,0,0,0
asketay,0,0,0
memayorga,0,0,0
cfgomezguil,0,0,0
laorona,0,0,0
bajurado,0,0,0
tmzayas,0,0,0
ristirk,0,0,0
cralfonzo,0,0,0
jfholguin,0,0,0
edmoreno4,0,0,0
eoarellano,0,0,0
cacarlos2,0,0,0
admin,0,0,0
aeblasquez,0,0,0
hjjimenez,0,0,0
oamartinez7,0,0,0
yiguel,0,0,0
divargas,0,0,0
fjlopez3,0,0,0
msantoyo3,0,0,0
egonzalez100,0,0,0
daakers,0,0,0
efigueroa5,0,0,0
eatena,0,0,0
imborjon,0,0,0
arodriguez326,0,0,0
dewane,0,0,0
jmlopezagui,0,0,0
kcalderon,0,0,0
asramos1,0,0,0
gapatlan,0,0,0
ealvarado22,0,0,0
rarubio4,0,0,0
czrubio,0,0,0
rscastillo1,0,0,0
caibarra7,0,0,0
Username,Playtime,LastLogin
asifuentes14,0,0,0
giguzman,0,0,0
arpedregon2,0,0,0
mpelayo,0,0,0
lafierro5,0,0,0
scmejia,0,0,0
jhulmak,0,0,0
jlopez126,0,0,0
dpena3,0,0,0
gafierro,0,0,0
ktnguyen2,0,0,0
cealvarez2,0,0,0
adhernandez20,0,0,0
jortega22,0,0,0
lgarcia64,0,0,0
asketay,0,0,0
memayorga,0,0,0
cfgomezguil,0,0,0
laorona,0,0,0
bajurado,0,0,0
tmzayas,0,0,0
ristirk,0,0,0
cralfonzo,0,0,0
jfholguin,0,0,0
edmoreno4,0,0,0
eoarellano,0,0,0
cacarlos2,0,0,0
admin,0,0,0
aeblasquez,0,0,0
hjjimenez,0,0,0
oamartinez7,0,0,0
yiguel,0,0,0
divargas,0,0,0
fjlopez3,0,0,0
msantoyo3,0,0,0
egonzalez100,0,0,0
daakers,0,0,0
efigueroa5,0,0,0
eatena,0,0,0
imborjon,0,0,0
arodriguez326,0,0,0
dewane,0,0,0
jmlopezagui,0,0,0
kcalderon,0,0,0
asramos1,0,0,0
gapatlan,0,0,0
ealvarado22,0,0,0
rarubio4,0,0,0
czrubio,0,0,0
rscastillo1,0,0,0
caibarra7,0,0,0
Username,Playtime,LastLogin
asifuentes14,0,0,0
giguzman,0,0,0
arpedregon2,0,0,0
mpelayo,0,0,0
lafierro5,0,0,0
scmejia,0,0,0
jhulmak,0,0,0
jlopez126,0,0,0
dpena3,0,0,0
gafierro,0,0,0
ktnguyen2,0,0,0
cealvarez2,0,0,0
adhernandez20,0,0,0
jortega22,0,0,0
lgarcia64,0,0,0
asketay,0,0,0
memayorga,0,0,0
cfgomezguil,0,0,0
laorona,0,0,0
bajurado,0,0,0
tmzayas,0,0,0
ristirk,0,0,0
cralfonzo,0,0,0
jfholguin,0,0,0
edmoreno4,0,0,0
eoarellano,0,0,0
cacarlos2,0,0,0
admin,0,0,0
aeblasquez,0,0,0
hjjimenez,0,0,0
oamartinez7,0,0,0
yiguel,0,0,0
divargas,0,0,0
fjlopez3,0,0,0
msantoyo3,0,0,0
egonzalez100,0,0,0
daakers,0,0,0
efigueroa5,0,0,0
eatena,0,0,0
imborjon,0,0,0
arodriguez326,0,0,0
dewane,0,0,0
jmlopezagui,0,0,0
kcalderon,0,0,0
asramos1,0,0,0
gapatlan,0,0,0
ealvarado22,0,0,0
rarubio4,0,0,0
czrubio,0,0,0
rscastillo1,0,0,0
caibarra7,0,0,0
Username,Playtime,LastLogin
asifuentes14,0,0,0
giguzman,0,0,0
arpedregon2,0,0,0
mpelayo,0,0,0
lafierro5,0,0,0
scmejia,0,0,0
jhulmak,0,0,0
jlopez126,0,0,0
dpena3,0,0,0
gafierro,0,0,0
ktnguyen2,0,0,0
cealvarez2,0,0,0
adhernandez20,0,0,0
jortega22,0,0,0
lgarcia64,0,0,0
asketay,0,0,0
memayorga,0,0,0
cfgomezguil,0,0,0
laorona,0,0,0
bajurado,0,0,0
tmzayas,0,0,0
ristirk,0,0,0
cralfonzo,0,0,0
jfholguin,0,0,0
edmoreno4,0,0,0
eoarellano,0,0,0
cacarlos2,0,0,0
admin,0,0,0
aeblasquez,0,0,0
hjjimenez,0,0,0
oamartinez7,0,0,0
yiguel,0,0,0
divargas,0,0,0
fjlopez3,0,0,0
msantoyo3,0,0,0
egonzalez100,0,0,0
daakers,0,0,0
efigueroa5,0,0,0
eatena,0,0,0
imborjon,0,0,0
arodriguez326,0,0,0
dewane,0,0,0
jmlopezagui,0,0,0
kcalderon,0,0,0
asramos1,0,0,0
gapatlan,0,0,0
ealvarado22,0,0,0
rarubio4,0,0,0
czrubio,0,0,0
rscastillo1,0,0,0
caibarra7,0,0,0
